001	16-STIMA	KÅ™eslo STIMA	Kreslo STIMA		cs
001	16-TIZA	Kreslo TIZA	Kreslo TIZA		cs
001	16-SEM	Kreslo SEM	Kreslo SEM		cs
001	16-TERN	Kreslo TERN	Kreslo TERN		cs
001	16-REGON-BIL	Kreslo REGON white	Kreslo REGON bila		cs
001	16-REGON-CER	Kreslo REGON black	Kreslo REGON cerna		cs
001	16-TALISTA	Zidle TALISTA	Zidle TALISTA		cs
001	16-TOVENTO	Zidle TOVENTO	Zidle TOVENTO		cs
001	16-RENA-CER	Zidle RENA cerna	Zidle RENA cerna		cs
001	16-RENA-BEZ	Zidle RENA bezova	Zidle RENA bezova		cs
001	16-HEMS-CER	Zidle HEMS cerna	Zidle HEMS cerna		cs
001	16-HEMS-MOD	Zidle HEMS modra	Zidle HEMS modra		cs
001	16-HEMS-SED	Zidle HEMS seda	Zidle HEMS seda		cs
001	16-HEMS-ORA	Zidle HEMS oranzova	Zidle HEMS oranzova		cs
001	16-HEMS-BOR	Zidle HEMS bordo	Zidle HEMS bordo		cs
001	16-RAHE-CER	Zidle RAHE cerna	Zidle RAHE cerna		cs
001	16-RAHE-SED	Zidle RAHE seda	Zidle RAHE seda		cs
001	16-RAHE-MOD	Zidle RAHE modra	Zidle RAHE modra		cs
001	16-RAHE-BOR	Zidle RAHE bordo	Zidle RAHE bordo		cs
001	16-SUNRON-C-2	Zidle SUNRON C-2	Zidle SUNRON C-2		cs
001	16-SUNRON-N-2	Zidle SUNRON N-2	Zidle SUNRON N-2		cs
001	16-9000000	Podlozka pod nohy RAF1	Podlozka pod nohy 9000000		cs
001	16-9000001	Podlozka pod nohy RAF2	Podlozka pod nohy 9000001		cs
